first_name	name	gender	probability	count
AMUITZ	AMUITZ	unknown	0	0
Aaron	Aaron	male	0.99	24633
Abel	Abel	male	0.98	15409
Abelardo	Abelardo	male	0.99	716
Abhishek	Abhishek	male	1	3838
Abhit	Abhit	male	1	9
Abigail	Abigail	female	1	95999
Abraham	Abraham	male	0.98	10041
Achillefs	Achillefs	male	1	5
Achim	Achim	male	0.96	3171
Adam	Adam	male	0.98	116396
Adeline	Adeline	female	0.98	19402
Adrian	Adrian	male	0.99	90344
Adriana	Adriana	female	0.99	49650
Adriane	Adriane	female	0.93	965
Adrienne	Adrienne	female	0.97	1569
Adéla	Adela	female	0.99	31015
Aengus	Aengus	male	1	205
Agni	Agni	female	0.79	303
Agustin	Agustin	male	1	52153
Agustina	Agustina	female	0.99	1425
Ahmed	Ahmed	male	0.98	139051
Aidas	Aidas	male	0.98	242
Ail	Ail	male	0.88	742
Aina	Aina	female	0.83	2968
Akisato	Akisato	male	1	1
Akitaka	Akitaka	male	1	19
Ala'	Ala'	male	0.92	25
Alain	Alain	male	1	212454
Alan	Alan	male	1	385873
Alastair	Alastair	male	0.99	745
Alba	Alba	female	0.97	30366
Albana	Albana	female	0.95	715
Albert	Albert	male	0.98	41504
Alberta	Alberta	female	0.97	1463
Alberto	Alberto	male	0.99	124347
Alejandra	Alejandra	female	0.98	16369
Alejandro	Alejandro	male	0.99	56977
Aleksandra	Aleksandra	female	0.98	49679
Alena	Alena	female	0.99	63237
Alessandra	Alessandra	female	0.99	47882
Alessandro	Alessandro	male	0.99	126666
Alessia	Alessia	female	0.99	49976
Alessio	Alessio	male	0.99	49262
Alex	Alex	male	0.9	411319
Alexa	Alexa	female	0.99	47888
Alexander	Alexander	male	0.99	66065
Alexandra	Alexandra	female	0.98	122985
Alexandre	Alexandre	male	0.99	67286
Alexandros	Alexandros	male	0.99	4437
Alexei	Alexei	male	0.99	2028
Alexey	Alexey	male	1	9085
Alfonso	Alfonso	male	0.99	30170
Ali	Ali	male	0.95	319583
Alice	Alice	female	0.98	68971
Alina	Alina	female	0.98	46273
Aliz	Aliz	female	0.97	1886
Aliza	Aliza	female	0.97	412
Allan	Allan	male	0.99	15455
Allison	Allison	female	1	137625
Allyson	Allyson	female	1	20921
Almira	Almira	female	0.99	4795
Alon	Alon	male	0.96	710
Alona	Alona	female	0.97	1050
Alrik	Alrik	male	1	50
Alsena	Alsena	female	1	2
Altaf	Altaf	male	0.93	523
Altan	Altan	male	0.98	6341
Alvaro	Alvaro	male	0.99	37584
Alyssa	Alyssa	female	1	94787
Amalie	Amalie	female	1	4085
Amanda	Amanda	female	0.98	49026
Amber	Amber	female	0.95	5248
Ameetosri	Ameetosri	unknown	0	0
Amelie	Amelie	female	0.97	12128
Amie	Amie	female	0.89	1622
Amir	Amir	male	1	151290
Amsalem	Amsalem	female	0.67	3
Amuitz	Amuitz	unknown	0	0
Amy	Amy	female	0.97	31233
Amélie	Amelie	female	0.99	24383
Ana	Ana	female	0.98	273767
Anam	Anam	female	0.98	7859
Anand	Anand	male	1	91115
Anastasia	Anastasia	female	0.98	22207
Anat	Anat	female	0.99	5726
Anders	Anders	male	0.99	12623
Anderson	Anderson	male	0.97	8246
Andra	Andra	female	0.88	8856
Andras	Andras	male	0.99	6881
Andre	Andre	male	0.95	64369
Andrea	Andrea	male	0.62	302977
Andreas	Andreas	male	0.99	71365
Andreina	Andreina	female	0.98	1593
Andrej	Andrej	male	0.99	7941
Andres	Andres	male	1	218384
Andreu	Andreu	male	0.98	2009
Andrew	Andrew	male	0.99	60301
André	Andre	male	0.95	64369
Andrés	Andres	male	1	218384
Anduiza	Anduiza	unknown	0	0
Andy	Andy	male	0.92	66103
Angel	Angel	male	0.69	110827
Angela	Angela	female	0.99	106685
Angelo	Angelo	male	0.99	185953
Angélica	Angelica	female	0.99	17941
Ani	Ani	female	0.96	30208
Anil	Anil	male	0.97	6560
Anita	Anita	female	0.98	66163
Anja	Anja	female	0.98	28930
Anjali	Anjali	female	0.97	694
Anke	Anke	female	0.97	6368
Anna	Anna	female	0.98	383713
Anna-Lena	Anna-Lena	female	0.97	2314
Anna-Sophie	Anna-Sophie	female	0.96	106
Annabelle	Annabelle	female	0.98	6109
Anne	Anne	female	0.97	78727
Anne-Kathrin	Anne-Kathrin	female	0.96	307
Anne-Marie	Anne-Marie	female	0.98	5857
Annemarie	Annemarie	female	1	27484
Annette	Annette	female	0.98	9790
Annie	Annie	female	1	173108
Annika	Annika	female	0.97	11182
Anouk	Anouk	female	0.99	14786
Anselm	Anselm	male	0.99	242
Anthea	Anthea	female	0.99	779
Anthony	Anthony	male	0.99	98251
Anthoula	Anthoula	female	0.97	115
Antoine	Antoine	male	1	122162
Anton	Anton	male	0.99	115190
Antonella	Antonella	female	1	105806
Antoni-Italo	Antoni-Italo	unknown	0	0
Antonia	Antonia	female	0.98	20764
Antonin	Antonin	male	1	7560
Antonio	Antonio	male	1	970747
António	Antonio	male	0.99	328654
Anup	Anup	male	0.99	695
Aparna	Aparna	female	1	22520
Arantxa	Arantxa	female	1	12198
Argyrios	Argyrios	male	1	29
Ari	Ari	male	0.65	10413
Aris	Aris	male	0.93	5555
Arjan	Arjan	male	1	16835
Armin	Armin	male	0.97	6850
Arnaud	Arnaud	male	0.99	39701
Arndt	Arndt	male	0.98	275
Arno	Arno	male	0.99	7955
Arthur	Arthur	male	0.99	20587
Arturas	Arturas	male	1	919
Ashley	Ashley	female	0.61	13738
Ashrakat	Ashrakat	female	1	3
Asif	Asif	male	0.99	4847
Asimina	Asimina	female	0.99	564
Asli	Asli	female	0.96	3723
Asmus	Asmus	male	0.84	38
Asya	Asya	female	0.98	9311
Atle	Atle	male	0.99	374
Atonu	Atonu	male	0.83	6
Atsushi	Atsushi	male	1	1494
Attila	Attila	male	1	44008
Audrey	Audrey	female	0.97	54814
Aurelia	Aurelia	female	0.98	6428
Austin	Austin	male	1	107058
Avishay	Avishay	male	1	41
Awenig	Awenig	male	1	1
Aya	Aya	female	0.95	12830
Ayjeren	Ayjeren	female	1	2
Aykut	Aykut	male	0.97	13389
Aysenur	Aysenur	female	0.97	1112
Aytalina	Aytalina	female	0.86	7
Aytug	Aytug	male	0.94	213
Ayush	Ayush	male	0.98	486
Ayşenur	Aysenur	female	0.97	1112
Babak	Babak	male	0.98	2732
Barbara	Barbara	female	0.98	94709
Barbet	Barbet	male	0.63	38
Barry	Barry	male	0.97	12863
Barton	Barton	male	0.95	182
Bastiaan	Bastiaan	male	0.99	561
Bastian	Bastian	male	0.99	5082
Beatrice	Beatrice	female	1	89376
Beatriz	Beatriz	female	1	203685
Belen	Belen	female	0.99	13681
Bellodi	Bellodi	male	1	3
Beltran	Beltran	male	0.92	248
Belén	Belen	female	0.99	13681
Ben	Ben	male	0.95	77991
Bence	Bence	male	1	7876
Bengt	Bengt	male	1	13160
Benjamin	Benjamin	male	0.99	62465
Benny	Benny	male	0.98	55870
Benoit	Benoit	male	0.99	27836
Berfin	Berfin	female	0.97	2590
Berkay	Berkay	male	0.99	16053
Berna	Berna	female	0.89	7352
Bernard	Bernard	male	0.99	167968
Bernardino	Bernardino	male	1	5266
Bernat	Bernat	male	0.98	1009
Bernd	Bernd	male	0.99	12170
Bernhard	Bernhard	male	1	4969
Bert	Bert	male	1	57920
Bertjan	Bertjan	male	1	45
Beth	Beth	female	0.97	4286
Bethany	Bethany	female	1	47864
Bilal	Bilal	male	0.97	30890
Bilyana	Bilyana	female	0.98	114
Binzizi	Binzizi	unknown	0	0
Birgit	Birgit	female	0.98	10750
Birte	Birte	female	0.97	976
Björn	Bjorn	male	0.99	5027
Bjørn	Bjorn	male	0.99	5027
Blair	Blair	male	0.73	2844
Blake	Blake	male	0.96	2426
Blätte	Blatte	male	0.75	12
Boram	Boram	female	0.86	603
Boris	Boris	male	0.99	19244
Brad	Brad	male	0.99	10696
Bradley	Bradley	male	0.99	5098
Bram	Bram	male	1	19793
Brandon	Brandon	male	0.99	14697
Brenda	Brenda	female	0.99	23113
Brendan	Brendan	male	0.99	3457
Brenna	Brenna	female	1	10508
Brenton	Brenton	male	1	6659
Brett	Brett	male	0.99	5601
Brian	Brian	male	0.99	51483
Brigitte	Brigitte	female	1	111187
Briitta	Briitta	female	1	9
Britt	Britt	female	0.94	2220
Brittany	Brittany	female	0.98	903
Brittnee	Brittnee	female	1	1152
Bruce	Bruce	male	1	199502
Bruno	Bruno	male	0.99	103169
Bryn	Bryn	male	0.96	361
Bugra	Bugra	male	0.96	1830
Burak	Burak	male	0.96	57287
Burcu	Burcu	female	0.97	19183
Buse	Buse	female	0.98	20162
ByeonggeunKun	ByeonggeunKun	unknown	0	0
Byong-kuen	Byong-kuen	unknown	0	0
Bächtiger	Bachtiger	unknown	0	0
Cagil	Cagil	male	0.79	28
Caileigh	Caileigh	female	1	5
Cal	Cal	male	0.98	10415
Callum	Callum	male	0.99	2478
Calvin	Calvin	male	1	58642
Cameron	Cameron	male	0.92	3334
Camila	Camila	female	1	178201
Camilla	Camilla	female	0.98	13635
Camille	Camille	female	0.97	148071
Camilo	Camilo	male	0.98	4565
Can	Can	male	0.97	74446
Cantay	Cantay	male	1	3
Carie	Carie	female	1	2814
Carina	Carina	female	0.98	22714
Carl	Carl	male	0.98	17561
Carles	Carles	male	0.98	4171
Carlo	Carlo	male	0.99	55640
Carlos	Carlos	male	0.99	236888
Carlotta	Carlotta	female	1	16284
Carly	Carly	female	0.99	42587
Carmela	Carmela	female	0.99	12408
Carol	Carol	female	0.97	33721
Carolina	Carolina	female	0.98	40287
Caroline	Caroline	female	0.98	64753
Carsten	Carsten	male	1	9344
Casey	Casey	male	0.74	3423
Casper	Casper	male	0.95	3981
Cassilde	Cassilde	female	0.8	5
Catarina	Catarina	female	0.97	13836
Caterina	Caterina	female	0.99	13712
Catherine	Catherine	female	0.98	50312
Cecilia	Cecilia	female	1	185799
Celestino	Celestino	male	0.99	6467
Ceren	Ceren	female	0.98	23851
Cesar	Cesar	male	1	229602
Cesc	Cesc	male	0.99	1645
Chagai	Chagai	male	1	1
Chankyung	Chankyung	female	0.5	2
Chao-yo	Chao-yo	unknown	0	0
Charles	Charles	male	0.99	49331
Charlotte	Charlotte	female	1	236130
Chase	Chase	male	1	35081
Chen-Yu	Chen-Yu	male	0.67	3
Chendi	Chendi	female	0.6	15
Chengli	Chengli	male	0.75	12
Chia-yi	Chia-yi	female	0.78	9
Chiara	Chiara	female	0.99	58622
Chitra	Chitra	female	1	13011
Chitralekha	Chitralekha	female	1	9
Chris	Chris	male	0.9	156083
Christian	Christian	male	0.99	156233
Christina	Christina	female	0.98	35006
Christina-Marie	Christina-Marie	female	1	22
Christine	Christine	female	0.99	91004
Christoffer	Christoffer	male	1	2676
Christoph	Christoph	male	1	17656
Christophe	Christophe	male	0.99	90978
Christopher	Christopher	male	0.99	53539
Claas	Claas	male	0.99	313
Claes	Claes	male	0.96	952
Claire	Claire	female	0.97	42044
Clara	Clara	female	0.98	42811
Clareta	Clareta	female	1	14
Clark	Clark	male	0.98	2533
Claudia	Claudia	female	0.98	118604
Clemens	Clemens	male	1	9324
Clement	Clement	male	0.99	40172
Cleo	Cleo	female	0.89	2689
Clint	Clint	male	0.99	2565
Clément	Clement	male	0.98	13546
Cody	Cody	male	0.94	2771
Colin	Colin	male	0.98	13002
Congyi	Congyi	male	0.67	9
Conor	Conor	male	0.99	1906
Conrad	Conrad	male	0.98	1829
Constantin	Constantin	male	0.91	7057
Constantine	Constantine	male	0.9	985
Constanza	Constanza	female	0.98	656
Corine	Corine	female	0.99	15194
Corinna	Corinna	female	0.97	6190
Cornelius	Cornelius	male	1	12467
Corwin	Corwin	male	0.98	125
Cosima	Cosima	female	0.97	437
Costas	Costas	male	1	5984
Costin	Costin	male	0.92	1452
Craig	Craig	male	1	257659
Cristiane	Cristiane	female	0.98	1268
Cristina	Cristina	female	0.99	140931
Csaba	Csaba	male	0.99	12888
Curd	Curd	male	1	75
Cyrill	Cyrill	male	0.97	1867
Cyrille	Cyrille	male	0.95	9192
Cécile	Cecile	female	0.99	40185
César	Cesar	male	1	229602
D.Flynn	D.Flynn	unknown	0	0
Daan	Daan	male	0.98	14778
Dafni	Dafni	female	0.98	907
Daiki	Daiki	male	0.99	586
Dalston	Dalston	male	0.8	5
Damian	Damian	male	0.99	45769
Damien	Damien	male	0.99	45746
Damjan	Damjan	male	1	964
Dan	Dan	male	0.95	55986
Dana	Dana	female	0.95	37468
Dani	Dani	male	0.88	77121
Daniel	Daniel	male	0.99	317409
Daniela	Daniela	female	0.98	109997
Daniele	Daniele	male	0.95	81726
Danielle	Danielle	female	0.97	21788
Danilo	Danilo	male	1	115517
Daphne	Daphne	female	0.98	3275
Daria	Daria	female	0.98	24535
Darius	Darius	male	1	26832
Darrell	Darrell	male	1	46689
Darren	Darren	male	0.99	15908
Dave	Dave	male	1	444100
David	David	male	0.99	501011
Davide	Davide	male	0.99	82957
Davy-Kim	Davy-Kim	unknown	0	0
Dawn	Dawn	female	0.95	6743
Dean	Dean	male	0.98	13192
Debbie	Debbie	female	0.98	11493
Debra	Debra	female	0.97	3324
Dechun	Dechun	male	1	3
Defne	Defne	female	0.97	2463
Deiss-Helbig	Deiss-Helbig	unknown	0	0
Delia	Delia	female	0.98	7012
Denis	Denis	male	0.96	57303
Denisa	Denisa	female	0.99	13752
Denise	Denise	female	0.98	34047
Deniz	Deniz	male	0.6	55582
Dennis	Dennis	male	0.99	61118
Derek	Derek	male	0.99	11770
Dermont	Dermont	male	0.71	7
Desiree	Desiree	female	0.98	8021
Despina	Despina	female	0.98	1278
Devorah	Devorah	female	1	1380
Diana	Diana	female	0.98	89820
Diane	Diane	female	0.97	15367
Dick	Dick	male	0.97	4087
Didac	Didac	male	0.98	876
Didem	Didem	female	0.96	6175
Diego	Diego	male	0.99	85672
Dilan	Dilan	female	0.72	6050
Dimitri	Dimitri	male	0.99	17236
Dimitrios	Dimitrios	male	0.99	1919
Dina	Dina	female	0.97	20572
Dirk	Dirk	male	0.99	23736
Djessie	Djessie	female	0.91	11
Dmitriy	Dmitriy	male	1	4899
Domenico	Domenico	male	0.99	40956
Dominic	Dominic	male	0.98	9906
Dominik	Dominik	male	0.99	35410
Dong	Dong	male	0.92	3611
Donghyun	Donghyun	male	0.98	297
Dongil	Dongil	male	1	71
Dongjin	Dongjin	male	0.98	199
Dongshu	Dongshu	female	0.67	6
Doron	Doron	male	1	4490
Doug	Doug	male	0.99	4055
Douglas	Douglas	male	0.99	9529
Dragana	Dragana	female	0.98	8204
Drew	Drew	male	0.95	3330
Dulce	Dulce	female	0.96	6396
Dumitru	Dumitru	male	0.79	3864
Dursun	Dursun	male	0.95	5700
Dustin	Dustin	male	1	74012
Dylan	Dylan	male	1	111967
Dónal	Donal	male	0.97	455
E.Keith	E.Keith	unknown	0	0
EZGI	EZGI	female	0.99	23875
Ebru	Ebru	female	0.97	24743
Ed	Ed	male	1	187316
Eda	Eda	female	0.97	42010
Eddy	Eddy	male	0.98	28153
Edgar	Edgar	male	0.99	16632
Edoardo	Edoardo	male	0.99	7617
Edward	Edward	male	0.99	22248
Eefje	Eefje	female	0.99	387
Eelco	Eelco	male	0.99	491
Efe	Efe	male	0.97	26973
Eirik	Eirik	male	1	503
Eirin	Eirin	female	0.88	73
Eitan	Eitan	male	1	165
Ekaterina	Ekaterina	female	0.99	48460
Ekrem	Ekrem	male	0.99	21026
Eleanor	Eleanor	female	0.98	2356
Elena	Elena	female	0.99	149871
Eleonora	Eleonora	female	1	57408
Elias	Elias	male	0.98	13320
Elif	Elif	female	0.97	36283
Elin	Elin	female	0.94	5026
Elina	Elina	female	0.99	29917
Eline	Eline	female	0.99	14699
Elisa	Elisa	female	0.99	80935
Elisabet	Elisabet	female	1	16081
Elisabeth	Elisabeth	female	0.98	27551
Elisabetta	Elisabetta	female	1	41350
Elise	Elise	female	0.99	69085
Elizabeth	Elizabeth	female	0.99	31288
Elke	Elke	female	0.98	8066
Ellen	Ellen	female	0.98	11562
Elli	Elli	female	0.94	3290
Elliott	Elliott	male	0.98	926
Ellis	Ellis	female	0.53	1297
Elsa	Elsa	female	1	90228
Eman	Eman	female	0.78	2638
Emiel	Emiel	male	1	4491
Emil	Emil	male	0.98	16783
Emilia	Emilia	female	0.99	77047
Emiliano	Emiliano	male	1	36180
Emilien	Emilien	male	1	5276
Emily	Emily	female	0.98	16379
Emma	Emma	female	0.93	57489
Emmy	Emmy	female	0.69	4889
Enrico	Enrico	male	1	93600
Enrijeta	Enrijeta	unknown	0	0
Enrique	Enrique	male	0.99	25630
Eran	Eran	male	0.97	715
Eri	Eri	female	0.6	4139
Eric	Eric	male	0.99	135071
Erica	Erica	female	0.99	22048
Erick	Erick	male	1	119383
Ericka	Ericka	female	0.98	1522
Erik	Erik	male	0.99	36091
Erika	Erika	female	0.99	55612
Erin	Erin	female	1	194622
Erinn	Erinn	female	0.97	228
Errin	Errin	female	0.68	34
Ersagun	Ersagun	male	0.89	37
Esther	Esther	female	0.99	43885
Ethan	Ethan	male	0.99	3521
Eugene	Eugene	male	0.95	8915
Eugenia	Eugenia	female	1	42399
Eugenio	Eugenio	male	0.99	10416
Eunhyea	Eunhyea	unknown	0	0
Eva	Eva	female	0.98	135031
Eva-Maria	Eva-Maria	female	0.96	901
Evan	Evan	male	1	87934
Evelin	Evelin	female	0.97	4475
Evelyne	Evelyne	female	0.98	13782
Evgeny	Evgeny	male	0.99	2682
Ewen	Ewen	male	0.96	392
Eyke	Eyke	male	0.58	19
Eylem	Eylem	female	0.94	3675
Ezequiel	Ezequiel	male	0.99	4330
Ezgi	Ezgi	female	0.99	23875
FM	FM	male	0.78	418
Fabian	Fabian	male	0.99	27337
Fabienne	Fabienne	female	0.99	56872
Fabio	Fabio	male	0.99	113500
Fabrizio	Fabrizio	male	0.99	34325
Faisal	Faisal	male	0.98	12681
Falcó-Gimeno	Falco-Gimeno	unknown	0	0
Farsan	Farsan	male	0.85	13
Faten	Faten	female	0.98	1814
Feargal	Feargal	male	1	27
Federica	Federica	female	0.99	56361
Federico	Federico	male	0.99	43663
Fedra	Fedra	female	0.98	272
Felicia	Felicia	female	0.98	6273
Felicity	Felicity	female	0.97	806
Felipe	Felipe	male	0.98	18670
Felix	Felix	male	0.98	35608
Feng	Feng	male	0.98	14322
Ferdinand	Ferdinand	male	1	22798
Fergus	Fergus	male	0.99	274
Fernando	Fernando	male	0.99	88476
Ferran	Ferran	male	0.99	2847
Ferrin	Ferrin	male	0.55	11
Filip	Filip	male	0.98	23771
Filippo	Filippo	male	0.99	27899
Filsinger	Filsinger	unknown	0	0
Flavio	Flavio	male	0.99	15386
Florence	Florence	female	0.98	31246
Florian	Florian	male	0.99	57806
Fracesco	Fracesco	male	1	248
Frances	Frances	female	0.88	3173
Francesc	Francesc	male	0.98	2929
Francesca	Francesca	female	0.99	106743
Francesco	Francesco	male	0.99	196032
Francisca	Francisca	female	1	63131
Francisco	Francisco	male	0.99	98797
Frank	Frank	male	0.99	82391
Frank-Borge	Frank-Borge	unknown	0	0
Franz	Franz	male	0.99	46409
Franziska	Franziska	female	0.97	12249
François	Francois	male	0.98	26836
Fraser	Fraser	male	1	10856
Fred	Fred	male	0.96	73886
Frederi	Frederi	male	0.97	31
Frederick	Frederick	male	1	50334
Frederico	Frederico	male	0.99	2208
Frederik	Frederik	male	0.99	4045
Fridolin	Fridolin	male	0.96	217
Friederike	Friederike	female	0.96	1040
Frowin	Frowin	male	1	5
Frédéric	Frederic	male	1	95515
Fulya	Fulya	female	0.96	3176
Gabor	Gabor	male	0.99	13781
Gabriel	Gabriel	male	0.98	52559
Gabriela	Gabriela	female	1	314974
Gabriele	Gabriele	male	0.85	34408
Gabriella	Gabriella	female	1	82292
Gail	Gail	female	0.94	2752
Gaku	Gaku	male	0.99	123
Galileu	Galileu	male	1	21
Galina	Galina	female	0.99	7539
Garret	Garret	male	0.96	241
Gary	Gary	male	0.99	29381
Gaël	Gael	male	0.94	7717
Gefjon	Gefjon	unknown	0	0
Gema	Gema	female	0.98	13637
Gemma	Gemma	female	0.98	15931
Gene	Gene	male	0.87	8508
Geoff	Geoff	male	1	59730
Geoffrey	Geoffrey	male	0.99	14049
Georg	Georg	male	0.99	7301
George	George	male	1	542554
Georgios	Georgios	male	1	14456
Georgiy	Georgiy	male	0.99	276
Gerald	Gerald	male	0.99	13923
Geraldine	Geraldine	female	1	61714
Gerda	Gerda	female	0.98	3719
Gergő	Gergo	male	1	569
Gerry	Gerry	male	0.93	8208
Gert-Jan	Gert-Jan	male	1	685
Ghizlen	Ghizlen	female	1	22
Giacomo	Giacomo	male	1	57247
Gianluca	Gianluca	male	1	89902
Gianmarco	Gianmarco	male	1	10736
Gianni	Gianni	male	0.99	51240
Gidon	Gidon	male	0.92	48
Giedo	Giedo	male	0.83	12
Gijs	Gijs	male	0.99	1093
Gilad	Gilad	male	0.99	146
Gina	Gina	female	0.98	22233
Giorgia	Giorgia	female	0.99	48179
Giorgio	Giorgio	male	0.99	41494
Giovanna	Giovanna	female	1	96720
Giovanni	Giovanni	male	0.99	104824
Gisela	Gisela	female	0.98	6296
Giuliana	Giuliana	female	0.99	5947
Giuliano	Giuliano	male	1	26474
Giulio	Giulio	male	0.99	19697
Giuseppe	Giuseppe	male	0.99	163742
Gizem	Gizem	female	0.97	17467
Gleason	Gleason	male	0.99	195
Gloria	Gloria	female	0.99	35269
Gokhan	Gokhan	male	0.97	11372
Gonzalo	Gonzalo	male	1	106320
Goran	Goran	male	1	37291
Gorana	Gorana	female	0.96	309
Goubin	Goubin	female	0.56	9
Gracia	Gracia	female	0.94	1634
Graig	Graig	male	1	1010
Greg	Greg	male	1	345494
Gregor	Gregor	male	1	19162
Gregory	Gregory	male	0.99	25701
Grigore	Grigore	male	0.72	1412
Guadalupe	Guadalupe	female	0.95	3349
Gudlaug	Gudlaug	female	1	5
Gudmund	Gudmund	male	1	30
Guenther	Guenther	male	1	2402
Guido	Guido	male	0.99	15568
Guilherme	Guilherme	male	0.99	3694
Guillaum	Guillaum	male	0.96	70
Guillaume	Guillaume	male	0.99	58261
Guillem	Guillem	male	0.99	1535
Guillermo	Guillermo	male	0.99	15173
Gunnar	Gunnar	male	1	22155
Guri	Guri	male	0.79	377
Gurur	Gurur	male	0.81	227
Guy	Guy	male	0.98	26733
Gyozo	Gyozo	male	1	81
Haakon	Haakon	male	0.99	153
Hadas	Hadas	female	0.83	71
Haifeng	Haifeng	male	0.97	146
Hajo	Hajo	male	0.95	394
Han	Han	male	0.73	5588
Hanna	Hanna	female	0.95	18008
Hannah	Hannah	female	0.97	13198
Hanne	Hanne	female	0.95	3603
Hannes	Hannes	male	1	20039
Hanno	Hanno	male	0.88	499
Hans	Hans	male	0.97	37182
Haoyu	Haoyu	male	0.95	19
Harald	Harald	male	1	38181
Harris	Harris	male	1	15159
Harry	Harry	male	1	177229
Hauke	Hauke	male	0.98	596
Hayfat	Hayfat	unknown	0	0
Haylee	Haylee	female	1	3759
Heather	Heather	female	1	318973
Hector	Hector	male	0.99	20708
Heidi	Heidi	female	1	147426
Heidrun	Heidrun	female	0.97	645
Heike	Heike	female	0.98	12039
Heiko	Heiko	male	0.99	8654
Heinz	Heinz	male	0.98	5834
Helen	Helen	female	1	288341
Helena	Helena	female	1	149760
Helene	Helene	female	0.98	5586
Helga	Helga	female	0.99	27470
Helios	Helios	male	0.98	1385
Henning	Henning	male	0.99	3049
Henrik	Henrik	male	0.99	10710
Henrikas	Henrikas	male	1	109
Henry	Henry	male	0.98	30742
Hideko	Hideko	female	0.95	55
Hierro	Hierro	male	0.96	53
Hilde	Hilde	female	0.98	3351
Hioroki	Hioroki	unknown	0	0
Hoju	Hoju	female	0.55	11
Homero	Homero	male	1	7992
Honorata	Honorata	female	0.98	1656
Horacio	Horacio	male	1	31596
Huang-Ting	Huang-Ting	unknown	0	0
Huangting	Huangting	female	1	2
Hugo	Hugo	male	0.99	46650
Huimin	Huimin	female	0.82	119
Huiquan	Huiquan	male	0.71	7
Hye	Hye	female	0.98	5266
Hyeok	Hyeok	male	0.89	111
Hyeon	Hyeon	male	0.58	614
Hyeonho	Hyeonho	male	1	17
Hyeran	Hyeran	female	0.96	99
Hyunjung	Hyunjung	female	0.9	319
Hyunwoo	Hyunwoo	male	0.97	321
Håvard	Havard	male	0.92	155
Héloïse	Heloise	female	0.97	831
Iaara	Iaara	unknown	0	0
Iain	Iain	male	0.99	2485
Iakovos	Iakovos	male	0.99	207
Ian	Ian	male	0.99	27117
Iasmin	Iasmin	female	0.69	75
Ida	Ida	female	0.99	61970
Ides	Ides	male	0.8	49
Idunn	Idunn	female	0.92	13
Ignacio	Ignacio	male	0.99	9789
Ilona	Ilona	female	0.99	29528
In	In	female	0.73	3007
Indraneel	Indraneel	male	1	79
Indridi	Indridi	male	1	3
Ine	Ine	female	0.96	1111
Ines	Ines	female	0.98	25430
Inga	Inga	female	0.99	28901
Ingrid	Ingrid	female	0.98	26843
Inken	Inken	female	0.97	266
Inés	Ines	female	0.98	32429
Ioana-Oana	Ioana-Oana	female	1	1
Ioanna	Ioanna	female	0.99	11266
Ipek	Ipek	female	0.98	8895
Irene	Irene	female	0.99	50462
Irina	Irina	female	0.99	139480
Iris	Iris	female	0.99	123431
Isabel	Isabel	female	0.98	60396
Isabela	Isabela	female	0.98	2153
Isabell	Isabell	female	0.98	4458
Isabella	Isabella	female	0.98	15879
Isabelle	Isabelle	female	0.99	245637
Isamu	Isamu	male	0.99	204
Ishita	Ishita	female	0.98	95
Ismene	Ismene	female	0.99	333
Israel	Israel	male	1	89216
Itai	Itai	male	0.91	175
Italo	Italo	male	1	20728
Itamar	Itamar	male	0.94	271
Ittai	Ittai	male	1	176
Itzkovitch-Malka	Itzkovitch-Malka	unknown	0	0
Iulia	Iulia	female	0.97	5742
Ivan	Ivan	male	0.99	117756
Ivica	Ivica	male	0.94	2267
Ivo	Ivo	male	0.98	13742
Ivor	Ivor	male	0.98	501
Iván	Ivan	male	1	425630
Iñaki	Inaki	male	0.95	247
Jaakko	Jaakko	male	0.99	1059
Jack	Jack	male	0.98	63210
Jacob	Jacob	male	1	237562
Jacque	Jacque	male	0.69	1280
Jacqueline	Jacqueline	female	0.98	29511
Jae-Hee	Jae-Hee	male	0.53	15
Jae-Jae	Jae-Jae	unknown	0	0
Jaemin	Jaemin	male	0.91	269
Jaerin	Jaerin	female	1	3
Jake	Jake	male	1	135069
Jakob	Jakob	male	1	31177
Jakob-Moritz	Jakob-Moritz	unknown	0	0
Jakub	Jakub	male	0.99	38992
James	James	male	0.99	117309
Jamie	Jamie	male	0.81	19333
Jan	Jan	male	0.95	142869
Jan-Hinrik	Jan-Hinrik	unknown	0	0
Jana	Jana	female	0.99	105740
Jane	Jane	female	0.97	36653
Janet	Janet	female	1	251882
Janica	Janica	female	0.94	322
Janina	Janina	female	0.98	11062
Janine	Janine	female	1	77358
Janne	Janne	male	0.69	6962
Jaromír	Jaromir	male	1	2391
Jarosław	Jaroslaw	male	1	7524
Jasmin	Jasmin	female	0.96	69311
Jason	Jason	male	0.99	63418
Jasper	Jasper	male	1	27996
Jaum	Jaum	male	1	16
Javier	Javier	male	0.99	106497
Jay	Jay	male	0.91	36724
Jazmin	Jazmin	female	0.98	1832
Ja’na	Ja'na	female	1	1
Jean	Jean	male	0.95	196185
Jean-Benoit	Jean-Benoit	male	0.98	126
Jean-Francois	Jean-Francois	male	0.99	765
Jean-François	Jean-Francois	male	0.99	2913
Jean-Louis	Jean-Louis	male	0.99	5131
Jeanne	Jeanne	female	1	92065
Jeff	Jeff	male	0.99	32948
Jeffery	Jeffery	male	0.99	2273
Jeffrey	Jeffrey	male	0.99	22034
Jeheung	Jeheung	male	1	1
Jelle	Jelle	male	0.95	2289
Jemima	Jemima	female	0.98	590
Jennifer	Jennifer	female	0.98	90255
Jens	Jens	male	0.99	23807
Jeong	Jeong	male	0.65	2162
Jeongmin	Jeongmin	male	0.57	194
Jeppe	Jeppe	male	0.99	774
Jeremias	Jeremias	male	1	7966
Jeremy	Jeremy	male	0.99	48233
Jerome	Jerome	male	0.99	55481
Jeronimo	Jeronimo	male	0.98	1783
Jesper	Jesper	male	0.99	6327
Jesse	Jesse	male	0.99	142719
Jessica	Jessica	female	0.98	144795
Jeyhun	Jeyhun	male	1	140
Jian	Jian	male	0.9	1955
Jianghong	Jianghong	female	0.5	6
Jiaqi	Jiaqi	female	0.99	2661
Jihed	Jihed	male	0.95	1083
Jinhee	Jinhee	female	0.81	374
Jiseon	Jiseon	female	0.97	88
Jisun	Jisun	female	0.92	266
Jo	Jo	female	0.85	171014
Joachim	Joachim	male	0.99	8264
Joan	Joan	male	0.69	27362
Joan-Josep	Joan-Josep	male	1	1
Joanna	Joanna	female	0.99	232345
Joaquin	Joaquin	male	0.99	14675
Joaquín	Joaquin	male	1	61162
Jochem	Jochem	male	0.99	796
Jochen	Jochen	male	1	4220
Joe	Joe	male	0.95	58829
Joelle	Joelle	female	0.98	11998
Joep	Joep	male	0.97	1126
Joerg	Joerg	male	0.99	2394
Johan	Johan	male	0.99	41501
Johanna	Johanna	female	0.97	25767
Johannes	Johannes	male	0.99	13733
John	John	male	0.99	218952
John-Henry	John-Henry	male	1	121
Jon	Jon	male	0.98	29554
Jona	Jona	male	0.62	3871
Jonah	Jonah	male	0.76	1252
Jonas	Jonas	male	0.99	25038
Jonathan	Jonathan	male	0.99	87986
Jonghoon	Jonghoon	male	1	135
Jonne	Jonne	female	0.7	1627
Joonbum	Joonbum	male	1	12
Joost	Joost	male	0.99	3237
Jorah	Jorah	female	0.5	8
Jordan	Jordan	male	0.97	30440
Jordi	Jordi	male	0.99	31600
Jordy	Jordy	male	0.99	15316
Jorge	Jorge	male	1	805604
Jori	Jori	male	0.63	507
Jose	Jose	male	0.98	451671
Josef	Josef	male	0.99	78546
Josep	Josep	male	0.99	10821
Joseph	Joseph	male	0.99	60259
Josephine	Josephine	female	1	69396
Josh	Josh	male	1	220899
Joshua	Joshua	male	0.99	20919
José	Jose	male	0.98	451671
João	Joao	male	1	157139
Joëlle	Joelle	female	0.98	11998
Ju	Ju	male	0.54	6511
Juan	Juan	male	0.98	274814
Judd	Judd	male	0.8	231
Judit	Judit	female	1	35138
Judith	Judith	female	0.98	19741
Julia	Julia	female	0.97	106666
Julian	Julian	male	0.98	33459
Juliana	Juliana	female	0.98	14372
Julie	Julie	female	0.98	116926
Julien	Julien	male	0.99	229760
Julieta	Julieta	female	1	34933
Juliette	Juliette	female	0.97	13500
Julio	Julio	male	0.98	37832
Jun	Jun	male	0.9	8911
JungHwan	JungHwan	male	1	136
Junichi	Junichi	male	1	650
Junichiro	Junichiro	male	1	91
Juraj	Juraj	male	0.99	4236
Jurate	Jurate	female	0.98	828
Justin	Justin	male	0.98	29577
Jörg	Jorg	male	0.98	818
Jørgen	Jorgen	male	0.98	423
Jürgen	Jurgen	male	0.99	3966
Kaat	Kaat	female	0.97	380
Kadri	Kadri	female	0.68	5509
Kai	Kai	male	0.93	19140
Kai-Uwe	Kai-Uwe	male	0.99	318
Kaisa	Kaisa	female	0.91	958
Kaitlin	Kaitlin	female	1	23556
Kalli	Kalli	female	0.89	1943
Kamil	Kamil	male	0.99	66808
Kanish	Kanish	male	1	20
Kaoru	Kaoru	female	0.56	710
Karen	Karen	female	1	765351
Karin	Karin	female	0.97	25914
Karina	Karina	female	1	208618
Karl-Oskar	Karl-Oskar	male	1	10
Karmen	Karmen	female	0.99	9703
Karolina	Karolina	female	0.99	141641
Karrar	Karrar	male	1	122
Karsten	Karsten	male	0.99	5789
Kasia	Kasia	female	0.98	80027
Kasim	Kasim	male	0.99	5851
Kasper	Kasper	male	1	15430
Katarzyna	Katarzyna	female	0.99	157238
Kate	Kate	female	0.98	38791
Katelyn	Katelyn	female	0.98	198
Katerina	Katerina	female	0.99	22022
Katharina	Katharina	female	0.97	18153
Katharine	Katharine	female	0.96	340
Kathleen	Kathleen	female	0.98	8685
Kathrin	Kathrin	female	0.97	10594
Katja	Katja	female	0.97	17879
Katjana	Katjana	female	1	40
Katrijn	Katrijn	female	0.98	197
Katrin	Katrin	female	0.97	16603
Kattalina	Kattalina	female	1	6
Kay	Kay	female	0.53	15497
Kaya	Kaya	male	0.82	6555
Kazuhiro	Kazuhiro	male	1	808
Kazuma	Kazuma	male	0.99	360
Kazuto	Kazuto	male	1	142
Keigo	Keigo	male	1	219
Keith	Keith	male	0.98	14549
Kelly	Kelly	female	0.87	40778
Kelsey	Kelsey	female	0.85	913
Kelsi	Kelsi	female	0.93	70
Ken	Ken	male	0.98	20992
Kendall	Kendall	male	0.55	1836
Kenneth	Kenneth	male	0.98	20666
Kentaro	Kentaro	male	1	704
Kerim	Kerim	male	0.97	9739
Kerstin	Kerstin	female	0.97	17233
Ketevan	Ketevan	female	0.98	105
Kevin	Kevin	male	0.99	157365
Kim	Kim	female	0.7	83361
Kimberly	Kimberly	female	0.99	17328
Kimuli	Kimuli	male	0.86	21
Kinski	Kinski	male	1	18
Kira	Kira	female	0.96	24871
Kiran	Kiran	male	0.69	5227
Kirby	Kirby	male	0.68	523
Kirill	Kirill	male	1	4979
Kirk	Kirk	male	0.98	2179
Kirthana	Kirthana	female	1	410
Kit	Kit	male	0.67	2192
Klara	Klara	female	0.98	7118
Klaudia	Klaudia	female	0.99	51384
Klaus	Klaus	male	0.98	17301
Koen	Koen	male	1	23671
Kohei	Kohei	male	1	655
Kolby	Kolby	male	0.96	184
Konstantin	Konstantin	male	1	6194
Konstantinos	Konstantinos	male	0.99	4197
Korhan	Korhan	male	0.98	1505
Korinna	Korinna	female	0.99	655
Kostanca	Kostanca	female	1	5
Kostas	Kostas	male	0.99	16530
Kosuke	Kosuke	male	0.99	467
Kris	Kris	male	0.67	26202
Kris-Stella	Kris-Stella	unknown	0	0
Kristen	Kristen	female	0.85	1525
Kristian	Kristian	male	0.99	8752
Kristijan	Kristijan	male	1	4810
Kristin	Kristin	female	0.93	6934
Kristina	Kristina	female	0.98	29132
Kristoffer	Kristoffer	male	1	2278
Kristopher	Kristopher	male	1	1008
Kristy	Kristy	female	1	52190
Krisztina	Krisztina	female	1	20539
Krzysztof	Krzysztof	male	1	56714
Ksenia	Ksenia	female	0.98	5202
Kubli	Kubli	female	0.5	2
Kumar	Kumar	male	1	62617
Kyle	Kyle	male	1	225258
Kyung	Kyung	male	0.61	1813
Kyuwon	Kyuwon	male	0.8	40
Kåre	Kare	female	0.87	1190
Lachlan	Lachlan	male	0.99	526
Ladislav	Ladislav	male	0.99	19938
Laia	Laia	female	0.99	4037
Lamprini	Lamprini	female	0.99	169
Lana	Lana	female	0.97	9189
Lanabi	Lanabi	unknown	0	0
Lanny	Lanny	male	0.96	5099
Lara	Lara	female	0.99	120445
Laron	Laron	male	0.92	37
Lars	Lars	male	0.99	22753
Lars-Erik	Lars-Erik	male	0.98	214
Lasse	Lasse	male	0.99	4389
Laszlo	Laszlo	male	0.99	13530
Laura	Laura	female	0.98	288403
Laure	Laure	female	0.97	22451
Laurel	Laurel	female	0.89	2010
Lauren	Lauren	female	0.9	8924
Laurence	Laurence	male	0.6	132123
Laurent	Laurent	male	0.99	84979
Laurenz	Laurenz	male	0.99	228
Lauri	Lauri	female	0.91	16165
Laurits	Laurits	male	0.99	68
Lawrence	Lawrence	male	0.98	8119
Layla	Layla	female	0.99	23021
Lea	Lea	female	0.96	23031
Leandro	Leandro	male	0.99	11623
Lee	Lee	male	0.8	38767
Leire	Leire	female	0.98	3410
Lelys	Lelys	female	0.71	21
Lena	Lena	female	0.98	42258
Lene	Lene	female	1	24469
Lenka	Lenka	female	0.99	50218
Lennart	Lennart	male	1	2940
Leo	Leo	male	0.94	52253
Leon	Leon	male	0.98	22539
Leonardo	Leonardo	male	0.99	31322
Leonce	Leonce	male	0.87	1126
Leonhard	Leonhard	male	1	1664
Leonid	Leonid	male	1	2369
Leonie	Leonie	female	0.99	24997
Les	Les	male	0.75	3226
Lesley-Ann	Lesley-Ann	female	1	76
Leticia	Leticia	female	1	113369
Levan	Levan	male	1	3856
Lia	Lia	female	0.97	12635
Liam	Liam	male	0.98	9293
Liana	Liana	female	0.98	4913
Licheng	Licheng	male	0.79	28
Lidwina	Lidwina	female	1	71
Liesbet	Liesbet	female	1	309
Liisa	Liisa	female	0.96	1178
Lilach	Lilach	female	0.98	48
Linda	Linda	female	1	754202
Lindsay	Lindsay	female	0.94	13710
Linn	Linn	female	0.89	1965
Linna	Linna	female	0.95	2060
Linuz	Linuz	male	0.95	21
Lion	Lion	male	0.95	6069
Lionel	Lionel	male	1	68904
Lior	Lior	male	0.86	535
Liqun	Liqun	female	0.55	31
Liran	Liran	male	0.89	141
Liron	Liron	male	0.69	170
Lisa	Lisa	female	0.98	102796
Lisanne	Lisanne	female	0.98	1090
Lise	Lise	female	0.97	8436
Lisen	Lisen	female	0.85	136
Livia	Livia	female	0.99	5716
Livio	Livio	male	0.99	3149
Lluís	Lluis	male	0.99	2529
Loes	Loes	female	0.96	1396
Logan	Logan	male	0.94	7803
Lonna	Lonna	female	0.91	248
Loren	Loren	male	0.61	3953
Lorenzo	Lorenzo	male	0.99	55168
Loreto	Loreto	female	0.69	1659
Loriana	Loriana	female	0.99	515
Lotem	Lotem	female	0.5	6
Lotte	Lotte	female	0.99	18231
Louise	Louise	female	1	206783
Love	Love	female	0.6	21312
Luana	Luana	female	1	89463
Luc	Luc	male	0.99	86426
Luca	Luca	male	0.96	185452
Lucas	Lucas	male	0.98	40689
Lucia	Lucia	female	0.99	80584
Luciana	Luciana	female	1	137149
Lucienne	Lucienne	female	0.99	5530
Lucio	Lucio	male	1	39633
Lucy	Lucy	female	0.97	24812
Luigi	Luigi	male	1	147781
Luis	Luis	male	0.99	176693
Luisa	Luisa	female	1	141017
Lukas	Lukas	male	0.99	29433
Luke	Luke	male	0.99	16791
Luna	Luna	female	0.98	47173
Lusine	Lusine	female	0.98	714
Lutfi	Lutfi	male	0.95	809
Luwei	Luwei	male	0.74	19
Luz	Luz	female	0.97	11797
Luzia	Luzia	female	0.97	1089
Luís	Luis	male	1	1125162
Lydia	Lydia	female	1	115209
Lyman	Lyman	male	1	35
Maarja	Maarja	female	0.94	142
Maayan	Maayan	female	0.85	131
Macarena	Macarena	female	0.99	5840
Macartan	Macartan	unknown	0	0
Maciej	Maciej	male	1	71625
Mackenzie	Mackenzie	female	0.83	2008
Madeleine	Madeleine	female	0.98	7557
Mads	Mads	male	1	17004
Magalí	Magali	female	0.99	56607
Magda	Magda	female	0.99	110239
Magdalena	Magdalena	female	0.98	74013
Magdelina	Magdelina	female	0.86	7
Magnus	Magnus	male	0.99	7424
Mahmoud	Mahmoud	male	1	137103
Maiken	Maiken	female	1	2565
Maikol	Maikol	male	0.99	1222
Maiyoraa	Maiyoraa	unknown	0	0
Maj-Britt	Maj-Britt	female	1	291
Makoto	Makoto	male	0.99	7468
Maleke	Maleke	female	0.55	22
Mallory	Mallory	female	0.79	887
Malte	Malte	male	0.99	2688
Malu	Malu	female	0.92	1623
Manfred	Manfred	male	1	43598
Manoel	Manoel	male	0.99	594
Manos	Manos	male	0.98	4212
Manuel	Manuel	male	0.99	166605
Manuela	Manuela	female	0.99	146196
Mara	Mara	female	0.96	53047
Marc	Marc	male	0.99	116213
Marcel	Marcel	male	0.99	63607
Marcela	Marcela	female	1	161553
Marcella	Marcella	female	1	34500
Marcelo	Marcelo	male	1	311306
Marco	Marco	male	0.99	357670
Mareike	Mareike	female	0.98	7188
Maren	Maren	female	0.99	13134
Margaret	Margaret	female	1	216773
Margit	Margit	female	0.98	4442
Maria	Maria	female	0.98	334287
Mariaelisa	Mariaelisa	female	1	60
Mariana	Mariana	female	1	247913
Marianne	Marianne	female	0.99	37801
Mariano	Mariano	male	0.98	14862
Marie	Marie	female	0.98	229433
Marie-Lou	Marie-Lou	female	0.98	213
Marieke	Marieke	female	1	19484
Mariia	Mariia	female	0.98	1768
Mariken	Mariken	female	0.92	26
Mariluz	Mariluz	female	0.99	1514
Marina	Marina	female	0.98	109549
Marine	Marine	female	0.96	37351
Mario	Mario	male	0.99	168958
Marius	Marius	male	0.99	30101
Mariya	Mariya	female	0.99	19984
Mariyana	Mariyana	female	0.97	109
Mariña	Marina	female	0.98	109549
Mark	Mark	male	0.99	119313
Marketa	Marketa	female	1	7429
Marko	Marko	male	0.99	32295
Markus	Markus	male	1	47703
Marlene	Marlene	female	0.98	10281
Marnie	Marnie	female	1	8733
Marta	Marta	female	0.98	184145
Martial	Martial	male	0.99	15499
Martijn	Martijn	male	0.99	5978
Martin	Martin	male	0.98	180687
Martina	Martina	female	0.99	101262
Marton	Marton	male	0.94	2242
Mary	Mary	female	0.99	142684
MaryClare	MaryClare	female	1	227
María	Maria	female	1	2687884
Masaaki	Masaaki	male	1	2326
Masataka	Masataka	male	1	240
Mascha	Mascha	female	0.98	700
Massimo	Massimo	male	0.99	69361
Matas	Matas	male	0.98	567
Mateo	Mateo	male	1	23782
Mathias	Mathias	male	0.99	17180
Mathieu	Mathieu	male	0.99	43521
Mathilde	Mathilde	female	0.96	17232
Matia	Matia	male	0.73	342
Matias	Matias	male	0.98	9247
Matilde	Matilde	female	0.98	5001
Mats	Mats	male	0.99	4555
Matt	Matt	male	0.99	38275
Matteo	Matteo	male	0.99	69199
Matthew	Matthew	male	1	35521
Matthias	Matthias	male	1	26402
Matti	Matti	male	0.97	3282
Mattia	Mattia	male	0.98	25929
Maurice	Maurice	male	0.98	16593
Mauricio	Mauricio	male	0.98	9983
Maurits	Maurits	male	0.99	535
Max	Max	male	0.98	106688
Max-Emil	Max-Emil	unknown	0	0
Max-Valentin	Max-Valentin	unknown	0	0
Maxime	Maxime	male	0.98	43056
Maximilian	Maximilian	male	1	6657
Maxine	Maxine	female	1	28829
Maël	Mael	male	0.94	3723
Mažvydas	Mazvydas	male	1	18
Md	Md	male	0.92	4466
Megan	Megan	female	0.96	5933
Mehdi	Mehdi	male	0.99	122130
Mehmet	Mehmet	male	0.98	415737
Melanie	Melanie	female	0.98	80630
Meliisa	Meliisa	female	0.92	51
Melike	Melike	female	0.99	20788
Melina	Melina	female	0.99	36472
Melissa	Melissa	female	0.99	63975
Melle	Melle	female	0.92	3302
Melyssa	Melyssa	female	1	2204
Meng	Meng	male	0.66	1454
Meredith	Meredith	female	0.96	701
Merete	Merete	female	0.97	433
Meri	Meri	female	0.82	6781
Merih	Merih	male	0.68	550
Merle	Merle	female	0.79	1670
Mert	Mert	male	0.97	59263
Metin	Metin	male	0.98	63257
Meysam	Meysam	male	0.98	738
Mi	Mi	female	0.61	5699
Mia	Mia	female	0.99	90377
Miaofang	Miaofang	female	1	2
Micaela	Micaela	female	1	34572
Miceal	Miceal	male	0.94	16
Micha	Micha	male	0.98	79740
Michael	Michael	male	0.99	245870
Michal	Michal	male	0.99	62499
Michalis	Michalis	male	0.99	1760
Michaël	Michael	male	1	2087284
Michał	Michal	male	0.98	64965
Michele	Michele	male	0.86	88388
Michelle	Michelle	female	1	745496
Miguel	Miguel	male	0.99	158479
Mihai	Mihai	male	0.96	16701
Mihail	Mihail	male	0.99	2801
Mikael	Mikael	male	0.99	16160
Mike	Mike	male	0.99	109844
Mikel	Mikel	male	0.99	12498
Mikko	Mikko	male	0.99	4580
Miklos	Miklos	male	0.88	351
Miklós	Miklos	male	0.88	351
Miku	Miku	female	0.82	1063
Mikyoung	Mikyoung	female	0.91	45
Milan	Milan	male	0.99	40661
Milena	Milena	female	0.99	96572
Miles	Miles	male	0.85	1714
Min	Min	male	0.57	7493
Ming	Ming	male	0.75	3260
Minnie	Minnie	female	0.99	8929
Miquel	Miquel	male	0.98	4227
Miranda	Miranda	female	0.95	8537
Mirek	Mirek	male	0.99	14838
Miriam	Miriam	female	0.98	47010
Mirian	Mirian	female	0.97	4543
Mirko	Mirko	male	0.99	37385
Mirna	Mirna	female	1	26522
Miroslav	Miroslav	male	1	57012
Mirya	Mirya	female	0.98	43
Mitja	Mitja	male	0.99	990
Mogens	Mogens	male	1	771
Mohamed	Mohamed	male	0.99	769560
Mohammad	Mohammad	male	0.98	31501
Mona	Mona	female	0.99	100354
Monica	Monica	female	0.99	81357
Monika	Monika	female	0.98	148481
Mora	Mora	female	0.89	4392
Morgan	Morgan	male	0.79	18372
Moritz	Moritz	male	0.99	4088
Morten	Morten	male	1	39314
Moulay	Moulay	male	0.98	1420
Muhammad	Muhammad	male	0.99	32597
Munroe	Munroe	male	1	96
Murat	Murat	male	0.98	294953
Musashi	Musashi	male	1	97
Muzhou	Muzhou	male	1	2
Mwita	Mwita	male	0.87	45
Myunghee	Myunghee	female	0.82	62
Målfrid	Malfrid	unknown	0	0
Mónica	Monica	female	0.99	81357
Mónika	Monika	female	0.99	314470
NAZLI	NAZLI	female	0.99	6779
Naama	Naama	female	0.79	115
Nadia	Nadia	female	0.98	66915
Nadine	Nadine	female	0.99	144732
Nadiya	Nadiya	female	0.97	921
Nadja	Nadja	female	0.97	8845
Nahomi	Nahomi	female	0.96	150
Naji	Naji	male	0.98	5362
Nan	Nan	female	0.94	23342
Nanna	Nanna	female	0.99	7239
Naofumi	Naofumi	male	1	60
Naoko	Naoko	female	0.98	934
Naomi	Naomi	female	0.98	10562
Nara	Nara	female	0.88	2243
Narayani	Narayani	female	0.85	20
Narisong	Narisong	unknown	0	0
Nasos	Nasos	male	0.99	553
Natali	Natali	female	0.99	27738
Natalia	Natalia	female	0.98	102542
Nataliya	Nataliya	female	0.98	3670
Natalya	Natalya	female	1	21430
Natascha	Natascha	female	0.98	8963
Natasha	Natasha	female	1	146017
Nathalie	Nathalie	female	0.98	94304
Nathan	Nathan	male	0.99	20181
Nathaniel	Nathaniel	male	1	47782
Nauro	Nauro	male	1	8
Nava	Nava	male	0.53	292
Naz	Naz	female	0.91	14715
Nazli	Nazli	female	0.99	6779
Neeraj	Neeraj	male	1	46729
Neil	Neil	male	1	174410
Nelson	Nelson	male	0.98	24495
Neophytos	Neophytos	male	1	68
Nerea	Nerea	female	0.99	12275
Nestor	Nestor	male	0.98	6358
Netanel	Netanel	male	1	1101
Niamh	Niamh	female	0.98	758
Niccolo	Niccolo	male	1	1649
Nicholas	Nicholas	male	0.99	16755
Nick	Nick	male	0.98	46290
Nico	Nico	male	0.97	79554
Nicola	Nicola	male	0.85	60815
Nicolai	Nicolai	male	0.98	1966
Nicolas	Nicolas	male	0.99	116713
Nicole	Nicole	female	0.98	102075
Nicolás	Nicolas	male	1	370737
Nicolò	Nicolo	male	0.98	1191
Niels	Niels	male	1	43612
Nihad	Nihad	female	0.83	5325
Nik	Nik	male	0.96	34056
Nikandros	Nikandros	male	1	6
Nikhar	Nikhar	male	1	13
Nikhil	Nikhil	male	1	84330
Nikita	Nikita	female	0.55	11569
Nikitas	Nikitas	male	0.98	305
Niklas	Niklas	male	1	10027
Nikolaj	Nikolaj	male	0.99	1318
Nikolas	Nikolas	male	0.99	5324
Nikolay	Nikolay	male	1	25801
Nikoleta	Nikoleta	female	0.98	1716
Niloufer	Niloufer	female	0.92	13
Nils	Nils	male	0.99	9603
Nils-Christian	Nils-Christian	male	1	7
Nina	Nina	female	0.98	80011
Nirvikar	Nirvikar	male	1	6
Nita	Nita	female	0.98	21944
Noah	Noah	male	0.88	3939
Noam	Noam	male	0.94	673
Noelle	Noelle	female	1	20885
Nolan	Nolan	male	0.98	1287
Nora	Nora	female	0.97	21072
Nori	Nori	male	0.69	1336
Nourhan	Nourhan	female	0.99	305
Noyonika	Noyonika	female	1	2
Nuno	Nuno	male	0.99	33419
Nur	Nur	female	0.9	24939
OEyvind	OEyvind	male	1	28
Oda	Oda	female	0.6	346
Odelia	Odelia	female	0.97	91
Ofra	Ofra	female	0.88	72
Oguzhan	Oguzhan	male	0.97	5048
Oke	Oke	male	0.8	620
Olav	Olav	male	0.99	589
Ole	Ole	male	0.99	34938
Oleksandr	Oleksandr	male	1	13691
Oleksandra	Oleksandra	female	0.97	242
Olesya	Olesya	female	0.99	8460
Olga	Olga	female	0.98	80307
Olgahan	Olgahan	male	1	2
Oliver	Oliver	male	0.99	32776
Olivier	Olivier	male	1	210792
Omar	Omar	male	0.98	68333
Omer	Omer	male	0.97	10282
Onah	Onah	female	0.9	580
Or	Or	male	0.56	604
Ora	Ora	female	0.67	454
Oren	Oren	male	0.93	481
Orit	Orit	female	1	3810
Osman	Osman	male	0.98	106558
Osnat	Osnat	female	1	35
Ostry	Ostry	male	0.94	17
Otlan	Otlan	male	1	1
Otto	Otto	male	0.97	5152
Outi	Outi	female	0.91	672
Ozge	Ozge	female	0.96	1119
Ozgur	Ozgur	male	0.96	4369
Pablo	Pablo	male	0.99	76709
Palina	Palina	female	0.96	121
Pamela	Pamela	female	0.98	31042
Paola	Paola	female	1	267885
Paolo	Paolo	male	0.99	102713
Papgeorgiou	Papgeorgiou	unknown	0	0
Paride	Paride	male	0.99	1452
Pascal	Pascal	male	0.99	199383
Patricia	Patricia	female	0.98	132232
Patrick	Patrick	male	0.99	153288
Patrik	Patrik	male	0.99	19252
Patrícia	Patricia	female	0.98	132232
Pau	Pau	male	0.66	6724
Paul	Paul	male	0.99	148099
Paula	Paula	female	0.98	74130
Pauliina	Pauliina	female	0.93	445
Paulina	Paulina	female	0.98	65733
Pauline	Pauline	female	0.98	56233
Paulo	Paulo	male	0.99	61515
Pavielle	Pavielle	female	1	63
Pavithra	Pavithra	female	0.95	118
Pavol	Pavol	male	0.99	3105
Pawel	Pawel	male	0.99	19522
Pedro	Pedro	male	0.99	165413
Pei-Yu	Pei-Yu	female	0.78	9
Petar	Petar	male	1	19325
Peter	Peter	male	0.99	165452
Petr	Petr	male	0.98	81130
Petra	Petra	female	0.99	81279
Peyman	Peyman	male	0.97	1351
Pheliciah	Pheliciah	unknown	0	0
Philip	Philip	male	0.99	21882
Philipp	Philipp	male	1	18479
Philippa	Philippa	female	0.97	439
Philippe	Philippe	male	0.99	82618
Philips	Philips	male	0.93	488
Pia	Pia	female	0.96	12901
Pierfrancesco	Pierfrancesco	male	0.99	709
Piero	Piero	male	0.99	22914
Pierre-Guillaume	Pierre-Guillaume	male	1	24
Pieter	Pieter	male	0.99	7575
Pieterjan	Pieterjan	male	0.99	122
Pilar	Pilar	female	0.98	27619
Piotr	Piotr	male	1	176697
Piret	Piret	female	0.89	292
Pirmin	Pirmin	male	0.98	161
Pit	Pit	male	0.94	3705
Pola	Pola	female	0.95	3931
Prabin	Prabin	male	0.98	118
Prisca	Prisca	female	0.98	5670
Przemysław	Przemyslaw	male	1	2069
Puck	Puck	female	0.65	370
Purnamita	Purnamita	unknown	0	0
Pär	Par	male	0.59	820
QingQian	QingQian	male	1	2
Qinya	Qinya	unknown	0	0
Qixuan	Qixuan	male	0.8	5
Quan	Quan	male	0.87	628
Quentin	Quentin	male	1	64083
Queralt	Queralt	female	0.99	174
Quintin	Quintin	male	1	5698
Quynh	Quynh	female	0.83	215
RALUCA	RALUCA	female	0.97	6978
RYAN	RYAN	male	1	524253
Raanan	Raanan	male	1	21
Rabia	Rabia	female	0.93	8098
Rachael	Rachael	female	0.97	3161
Rachel	Rachel	female	0.98	28052
Radoslaw	Radoslaw	male	0.99	1340
Rafael	Rafael	male	0.99	45829
Rafaela	Rafaela	female	1	49831
Raimondas	Raimondas	male	0.99	278
Rainer	Rainer	male	0.99	7008
Ralph	Ralph	male	0.99	10130
Raluca	Raluca	female	0.97	6978
Ramin	Ramin	male	1	15364
Randolph	Randolph	male	0.98	581
Ranjit	Ranjit	male	1	20655
Raphael	Raphael	male	0.99	10284
Rasmus	Rasmus	male	0.99	3866
Raul	Raul	male	0.99	64281
Ravi	Ravi	male	0.98	6167
Ray	Ray	male	0.99	199320
Raya	Raya	female	0.87	872
Raymond	Raymond	male	0.99	21679
Raúl	Raul	male	0.99	64281
Rebeca	Rebeca	female	1	64722
Rebecca	Rebecca	female	0.98	36835
Rebeccca	Rebeccca	female	0.96	24
Rebekah	Rebekah	female	0.99	604
Regina	Regina	female	1	156841
Rena	Rena	female	0.94	4295
Renata	Renata	female	1	184496
Rene	Rene	male	0.91	35497
Rens	Rens	male	0.96	858
Renu	Renu	female	0.94	363
Resat	Resat	male	0.97	631
Resul	Resul	male	0.97	6253
Reto	Reto	male	0.99	1853
Reut	Reut	female	0.77	57
Ria	Ria	female	1	41466
Ricardo	Ricardo	male	0.99	75750
Riccardo	Riccardo	male	1	92863
Richard	Richard	male	0.99	101928
Rick	Rick	male	1	282566
Rico	Rico	male	0.99	29852
Rieko	Rieko	female	0.93	193
Rikhil	Rikhil	male	1	119
Rincón	Rincon	male	0.74	65
Ringailė	Ringaile	female	1	4
Rita	Rita	female	1	298667
Rob	Rob	male	0.98	32016
Robb	Robb	male	1	7254
Robert	Robert	male	0.99	177418
Roberto	Roberto	male	0.99	151858
Robin	Robin	male	0.93	34003
Rocio	Rocio	female	0.99	38361
Rod	Rod	male	1	57571
Rodolfo	Rodolfo	male	0.98	7271
Rodrigo	Rodrigo	male	0.99	22355
Rodwan	Rodwan	male	0.96	46
Roel	Roel	male	1	18446
Roger	Roger	male	1	297217
Rogério	Rogerio	male	1	45555
Rohan	Rohan	male	0.98	2333
Rohnin	Rohnin	unknown	0	0
Roi	Roi	male	0.94	1431
Roland	Roland	male	1	124383
Romain	Romain	male	0.99	56533
Roman	Roman	male	0.98	54731
Roman-Gabriel	Roman-Gabriel	unknown	0	0
Rommel	Rommel	male	1	15289
Rongbin	Rongbin	male	1	7
Roni	Roni	male	0.86	3685
Ronja	Ronja	female	0.97	2461
Ronny	Ronny	male	0.98	15356
Rory	Rory	male	0.69	2681
Rosa	Rosa	female	0.98	77424
Rosalind	Rosalind	female	0.98	331
Rosario	Rosario	male	0.68	24905
Rosie	Rosie	female	1	43610
Roxanne	Roxanne	female	0.98	3784
Royce	Royce	male	0.92	902
Rozemarijn	Rozemarijn	female	1	72
Ruben	Ruben	male	0.99	60998
Rubén	Ruben	male	0.99	60998
Ruijie	Ruijie	male	0.65	20
Rumyantseva	Rumyantseva	female	1	2
Rune	Rune	male	0.97	1923
Ruth	Ruth	female	0.98	28718
Ruud	Ruud	male	0.99	4540
Ryan	Ryan	male	0.99	45164
S.Harish	S.Harish	unknown	0	0
SANDRA	SANDRA	female	1	980774
Saad	Saad	male	0.97	15627
Sabina	Sabina	female	0.98	19547
Sabine	Sabine	female	0.98	43397
Sabrina	Sabrina	female	0.98	109737
Saera	Saera	female	0.92	26
Salla	Salla	female	0.69	994
Salomo	Salomo	male	0.98	66
Salvatore	Salvatore	male	0.99	66507
Sam	Sam	male	0.81	96261
Samantha	Samantha	female	0.98	31152
Sameen	Sameen	female	0.64	73
Samir	Samir	male	0.99	131328
Samira	Samira	female	0.99	63387
Samuel	Samuel	male	0.99	59464
Sandra	Sandra	female	0.98	266121
Sanghamitra	Sanghamitra	female	0.98	87
Sanja	Sanja	female	0.95	8376
Santiago	Santiago	male	0.98	16342
Saquib	Saquib	male	1	63
Sara	Sara	female	0.98	244324
Sarah	Sarah	female	0.98	174584
Sarit	Sarit	female	0.99	2966
Sascha	Sascha	male	0.97	25840
Saskia	Saskia	female	0.98	12358
Saumthira	Saumthira	unknown	0	0
Saurabh	Saurabh	male	0.99	1883
Scott	Scott	male	0.99	31815
Sean	Sean	male	0.99	25765
Sebastian	Sebastian	male	0.99	81792
Sebastien	Sebastien	male	0.99	101454
Sebastián	Sebastian	male	1	274164
Seden	Seden	female	0.95	379
Seiki	Seiki	male	0.94	51
Selcen	Selcen	female	0.95	187
Selim	Selim	male	0.98	42399
Selina	Selina	female	0.96	8696
Semih	Semih	male	0.99	32321
Seobin	Seobin	female	0.67	3
Seonghui	Seonghui	female	0.79	14
Seonwoo	Seonwoo	male	0.67	18
Seraina	Seraina	female	0.97	222
Seraphine	Seraphine	female	0.96	310
Sergei	Sergei	male	1	20624
Sergey	Sergey	male	1	17742
Sergi	Sergi	male	0.99	8651
Sergio	Sergio	male	0.99	131922
Sergiu	Sergiu	male	0.99	4532
Seth	Seth	male	1	60028
Seunghoon	Seunghoon	male	1	95
Shahana	Shahana	female	0.95	76
Shan-Jan	Shan-Jan	unknown	0	0
Shane	Shane	male	0.89	11605
Shannon	Shannon	female	0.78	5669
Shanto	Shanto	male	0.94	51
Shardul	Shardul	male	0.95	37
Sharif	Sharif	male	1	10763
Sharon	Sharon	female	1	397098
Shaul	Shaul	male	0.99	100
Shaun	Shaun	male	0.99	9813
Shea	Shea	female	0.55	560
Shenghao	Shenghao	male	1	9
Shigeo	Shigeo	male	1	996
Shiqi	Shiqi	female	0.68	31
Shir	Shir	female	0.97	2648
Shira	Shira	female	0.93	358
Shiran	Shiran	female	0.97	2457
Shiro	Shiro	male	0.94	1836
Shiyi	Shiyi	female	0.71	31
Shuai	Shuai	male	0.85	221
Shubha	Shubha	female	1	4085
Shusei	Shusei	male	1	16
Shusuke	Shusuke	male	1	48
Shuting	Shuting	female	0.98	41
Sigrid	Sigrid	female	0.97	2606
Silja	Silja	female	0.91	454
Silje	Silje	female	0.98	401
Silke	Silke	female	0.98	9872
Silvana	Silvana	female	0.98	12557
Silvia	Silvia	female	0.99	120107
Simon	Simon	male	0.98	71276
Simonas	Simonas	male	0.98	172
Simone	Simone	male	0.75	86110
Simón	Simon	male	0.98	71276
Sina	Sina	female	0.69	9158
Sinéad	Sinead	female	0.97	1090
Sirianne	Sirianne	female	1	4
Sirus	Sirus	male	0.96	131
Sivaram	Sivaram	male	1	112
Siyana	Siyana	female	0.84	38
Skip	Skip	male	1	13594
Slava	Slava	male	0.91	3378
So	So	female	0.88	16685
Sobhi	Sobhi	male	0.95	259
Soenke	Soenke	male	1	56
Sofia	Sofia	female	0.98	59571
Sofie	Sofie	female	1	30536
Sofía	Sofia	female	0.98	59571
Soledad	Soledad	female	1	36164
Solveig	Solveig	female	1	7160
Somya	Somya	female	0.86	80
Sona	Sona	female	0.97	14635
Sonia	Sonia	female	0.98	114177
Sonja	Sonja	female	0.99	82404
Sonke	Sonke	male	0.75	12
Soomin	Soomin	female	0.74	144
Sophia	Sophia	female	0.97	16034
Sophie	Sophie	female	0.99	294833
Sotirios	Sotirios	male	1	1423
Sparsha	Sparsha	male	1	1
Spencer	Spencer	male	0.96	2141
Spyros	Spyros	male	0.99	2231
Srinivas	Srinivas	male	0.99	862
Staffan	Staffan	male	0.99	700
Stecker	Stecker	male	1	5
Stefan	Stefan	male	0.98	83987
Stefanie	Stefanie	female	0.97	25370
Stefano	Stefano	male	0.99	95107
Steffen	Steffen	male	1	12961
Stepan	Stepan	male	1	5452
Stephan	Stephan	male	1	83620
Stephane	Stephane	male	0.99	59726
Stephanie	Stephanie	female	1	571165
Stephen	Stephen	male	0.99	36980
Steve	Steve	male	1	757890
Steven	Steven	male	0.99	61542
Stig	Stig	male	0.99	1564
Stine	Stine	female	0.97	1624
Stratos	Stratos	male	1	2628
Stuart	Stuart	male	0.99	10695
Stylianos	Stylianos	male	1	1399
Suen	Suen	male	0.92	529
Sujeong	Sujeong	female	0.96	145
Sukayna	Sukayna	female	1	87
Suleyman	Suleyman	male	0.99	9494
Sumitra	Sumitra	female	1	2948
Sungmin	Sungmin	male	0.9	418
Susan	Susan	female	1	572708
Susana	Susana	female	1	183200
Susanna	Susanna	female	0.97	9791
Susannah	Susannah	female	0.97	276
Susanne	Susanne	female	0.99	109792
Susumu	Susumu	male	1	322
Suthan	Suthan	male	0.99	81
Svanhildur	Svanhildur	female	0.92	13
Sveinung	Sveinung	male	1	43
Sven	Sven	male	0.99	35251
Sven-Oliver	Sven-Oliver	male	1	18
Svend-Erik	Svend-Erik	male	0.97	31
Svenja	Svenja	female	0.97	6701
Sverker	Sverker	male	0.97	60
Swen	Swen	male	0.99	3100
Syed	Syed	male	1	191109
Sylvain	Sylvain	male	0.99	37051
Sylvia	Sylvia	female	1	145334
Sébastien	Sebastien	male	0.99	101454
Sílvia	Silvia	female	1	430262
Søren	Soren	male	0.98	777
Tabea	Tabea	female	0.95	1301
Taehee	Taehee	male	0.53	124
Tahir	Tahir	male	0.97	7688
Taishi	Taishi	male	1	435
Takashi	Takashi	male	0.99	2985
Tamaki	Tamaki	female	0.65	97
Tamar	Tamar	female	0.9	1226
Tamás	Tamas	male	0.93	2687
Tana	Tana	female	0.93	8295
Tanguy	Tanguy	male	0.98	3541
Tanja	Tanja	female	0.98	35007
Tanushree	Tanushree	female	1	52
Tanya	Tanya	female	1	138486
Tao	Tao	male	0.86	1883
Tara	Tara	female	0.92	6410
Tarald	Tarald	male	1	8
Tarek	Tarek	male	0.99	53847
Tarik	Tarik	male	0.98	19907
Tasmiah	Tasmiah	female	1	7
Tasos	Tasos	male	0.99	4262
Tatjana	Tatjana	female	0.98	11390
Taylor	Taylor	female	0.55	7383
Ted	Ted	male	0.98	6828
Temi	Temi	female	0.84	2823
Teresa	Teresa	female	1	329538
Terrence	Terrence	male	0.99	1138
Theodore	Theodore	male	0.98	2116
Theodoros	Theodoros	male	1	5008
Theres	Theres	female	0.96	339
Theresa	Theresa	female	0.97	8488
Thiago	Thiago	male	0.99	3998
Thierry	Thierry	male	0.99	64570
Thies	Thies	male	0.97	209
Thomas	Thomas	male	0.99	176440
Thorin	Thorin	male	0.93	40
Thorsten	Thorsten	male	1	9772
Théoda	Theoda	male	1	2
Tiago	Tiago	male	1	117814
Tianyi	Tianyi	male	0.71	56
Tiffany	Tiffany	female	0.98	10281
Tilko	Tilko	male	1	8
Till	Till	male	0.98	1430
Tim	Tim	male	0.99	47038
Timea	Timea	female	0.99	6757
Timm	Timm	male	0.99	947
Timo	Timo	male	1	42774
Timon	Timon	male	0.95	1027
Timothy	Timothy	male	0.99	13105
Tina	Tina	female	0.98	56487
Tine	Tine	female	0.9	3557
Tinghua	Tinghua	female	0.5	2
Tjaden	Tjaden	male	1	28
Tobias	Tobias	male	1	31474
Todd	Todd	male	0.99	6598
Toke	Toke	male	0.65	168
Tolga	Tolga	male	0.97	34398
Tom	Tom	male	0.99	126230
Tomas	Tomas	male	0.99	35318
Tomasz	Tomasz	male	1	135970
Tommaso	Tommaso	male	0.99	11582
Tomoko	Tomoko	female	0.97	1318
Ton	Ton	male	0.99	27493
Toni	Toni	male	0.94	64776
Tonya	Tonya	female	0.97	1403
Tore	Tore	male	0.98	2860
Toril	Toril	female	0.93	95
Torun	Torun	male	0.75	63
Trajche	Trajche	female	0.5	2
Travis	Travis	male	0.99	5870
Tristan	Tristan	male	0.99	10640
Troels	Troels	male	1	291
Troy	Troy	male	1	89322
Tsung-han	Tsung-han	male	1	8
Tugba	Tugba	female	0.97	6954
Tuomo	Tuomo	male	1	541
Tyler	Tyler	male	1	177445
Tània	Tania	female	0.98	42656
Uchechi	Uchechi	female	0.97	881
Ugur	Ugur	male	0.97	20663
Urs	Urs	male	0.95	2096
Ursa	Ursa	female	0.77	162
Urska	Urska	female	0.99	164
Ursula	Ursula	female	0.98	7051
Valentin	Valentin	male	0.99	25868
Valentina	Valentina	female	1	206703
Valentino	Valentino	male	0.99	20113
Valeria	Valeria	female	1	167204
Valerie	Valerie	female	1	206855
Valerio	Valerio	male	1	40874
Valeriya	Valeriya	female	0.98	1417
Vally	Vally	female	0.75	946
Vanessa	Vanessa	female	0.98	123396
Vardges	Vardges	male	1	37
Varun	Varun	male	1	48297
Vasileios	Vasileios	male	1	409
Vasiliki	Vasiliki	female	1	6620
Vasily	Vasily	male	1	4145
Vassiliki	Vassiliki	female	0.98	223
Vera	Vera	female	0.98	34036
Vered	Vered	female	0.97	69
Verena	Verena	female	0.97	9158
Veronica	Veronica	female	0.99	69016
Vesna	Vesna	female	0.99	23088
Vibeke	Vibeke	female	0.98	764
Vicente	Vicente	male	0.98	20107
Vicky	Vicky	female	0.82	26167
Victor	Victor	male	1	587962
Victoria	Victoria	female	1	341564
Viktor	Viktor	male	0.99	19539
Viktoria	Viktoria	female	0.99	27813
Viktoriia	Viktoriia	female	0.98	199
Vilde	Vilde	female	0.88	67
Vin	Vin	male	0.97	7811
Vincent	Vincent	male	0.99	79107
Vincenzo	Vincenzo	male	0.99	61364
Viola	Viola	female	0.99	45183
Violeta	Violeta	female	1	36871
Virginia	Virginia	female	0.99	36136
Vishali	Vishali	female	1	19
Vishnu	Vishnu	male	1	45760
Vittorio	Vittorio	male	0.99	13065
Vlad	Vlad	male	0.95	12934
Vladimir	Vladimir	male	0.99	24429
Vlastimil	Vlastimil	male	0.99	2984
Vojtech	Vojtech	male	0.99	1031
Volha	Volha	female	0.95	125
Vytautas	Vytautas	male	0.99	819
Véronique	Veronique	female	0.99	25006
Wahideh	Wahideh	unknown	0	0
Waleed	Waleed	male	1	38207
Walter	Walter	male	0.99	30023
Wang	Wang	male	0.64	3532
Wendy	Wendy	female	0.97	25729
Wenqing	Wenqing	male	0.63	30
Werner	Werner	male	0.99	9378
Wessel	Wessel	male	0.97	450
Will	Will	male	0.97	15251
William	William	male	0.99	64097
Willow	Willow	female	0.91	3668
Winnie	Winnie	female	0.98	35569
Wojciech	Wojciech	male	1	17328
Wolfgang	Wolfgang	male	0.99	12915
Wooseok	Wooseok	male	1	107
Wouter	Wouter	male	0.99	3855
Xander	Xander	male	0.98	1432
Xavier	Xavier	male	0.99	36056
Xiangning	Xiangning	unknown	0	0
Xiao	Xiao	female	0.56	2525
Xiaodong	Xiaodong	male	0.93	147
Xiaoyu	Xiaoyu	female	0.59	269
Ximena	Ximena	female	0.99	2018
Xinwei	Xinwei	male	0.7	44
YaQian	YaQian	female	1	5
Yacine	Yacine	male	0.93	14722
Yael	Yael	female	0.73	1173
Yana	Yana	female	0.99	29043
Yannick	Yannick	male	0.96	28735
Yannis	Yannis	male	0.98	3161
Yasemin	Yasemin	female	0.98	47744
Yassine	Yassine	male	0.99	54840
Yasutaka	Yasutaka	male	0.99	180
Yaël	Yael	female	0.77	1406
Yen-Chieh	Yen-Chieh	male	1	1
Yesola	Yesola	unknown	0	0
Yevgeniy	Yevgeniy	male	1	2716
Yi-nung	Yi-nung	unknown	0	0
Yiannos	Yiannos	male	0.98	208
Yihan	Yihan	female	0.61	38
Yikai	Yikai	male	1	12
Ying	Ying	female	0.86	3942
Yiqian	Yiqian	male	0.54	13
Yixian	Yixian	female	0.73	11
Yohan	Yohan	male	0.99	19315
Yonatan	Yonatan	male	0.98	733
Yoo	Yoo	female	0.67	4075
Yooneui	Yooneui	unknown	0	0
Yoshiaki	Yoshiaki	male	0.99	461
Yoshiharu	Yoshiharu	male	1	140
Yoshikuni	Yoshikuni	male	0.93	41
Yotam	Yotam	male	1	47
Yphtach	Yphtach	unknown	0	0
YuJung	YuJung	female	0.9	69
Yuan	Yuan	male	0.56	1393
Yue	Yue	female	0.6	816
Yuichi	Yuichi	male	0.99	861
Yujing	Yujing	female	0.83	35
Yuki	Yuki	female	0.6	5195
Yuko	Yuko	female	0.99	8670
Yuleng	Yuleng	male	0.67	3
Yulia	Yulia	female	0.99	33392
Yuliya	Yuliya	female	0.98	3901
Yun	Yun	female	0.55	2721
Yuri	Yuri	male	0.76	9549
Yusaku	Yusaku	male	0.99	114
Yusuf	Yusuf	male	0.97	62291
Yusuke	Yusuke	male	1	1903
Yves	Yves	male	0.98	27837
Yvette	Yvette	female	0.98	7633
Yvonne	Yvonne	female	0.98	29756
Zac	Zac	male	0.97	2380
Zach	Zach	male	0.99	2074
Zachary	Zachary	male	0.99	2836
Zack	Zack	male	0.98	4748
Zain	Zain	male	0.93	2743
Zbigniew	Zbigniew	male	1	8557
Zdravko	Zdravko	male	0.99	1051
Zeynep	Zeynep	female	0.97	31807
Zhanna	Zhanna	female	0.98	1544
Zhenyu	Zhenyu	male	0.88	82
Zikai	Zikai	male	0.8	5
Ziyi	Ziyi	female	0.73	56
Zoila	Zoila	female	1	9081
Zoltan	Zoltan	male	0.99	2370
Zoltán	Zoltan	male	0.99	2370
Zsuzsa	Zsuzsa	female	0.99	7504
Zsuzsanna	Zsuzsanna	female	0.99	7943
Zuheir	Zuheir	male	0.96	48
bernard	bernard	male	0.99	167968
daniel	daniel	male	1	1725175
deniz	deniz	male	0.6	56946
henrik	henrik	male	0.99	10710
javier	javier	male	1	470814
nita	nita	female	0.98	21944
saumitra	saumitra	male	0.96	24
soenke	soenke	male	1	44
vincenzo	vincenzo	male	0.99	61364
Ádám	Adam	male	1	554061
Ákos	Akos	male	0.9	589
Álvaro	Alvaro	male	0.99	37584
Ángela	Angela	female	1	623359
Åsa	Asa	male	0.64	1935
Øyvind	Oyvind	male	1	145
Đorđe	Dorde	male	0.66	29
Şeyma	Seyma	female	0.95	1458
Šimon	Simon	male	1	388188
Željko	Zeljko	male	1	9518
